{
  "pre": 122.2352523803711,
  "post": 144.16162109375,
  "time": "Sat Apr 02 17:57:58 EDT 2016"
}{
  "pre": 146.9261932373047,
  "post": 140.82827758789063,
  "time": "Sat Apr 02 18:02:37 EDT 2016"
}{
  "pre": 156.14151000976563,
  "post": 163.6923065185547,
  "time": "Sat Apr 02 18:03:49 EDT 2016"
}{
  "pre": 168.85057067871094,
  "post": 167.32894897460938,
  "time": "Sat Apr 02 18:03:58 EDT 2016"
}{
  "pre": 163.0,
  "post": 173.4583282470703,
  "time": "Sat Apr 02 18:04:00 EDT 2016"
}{
  "pre": 160.14044189453125,
  "post": 135.0,
  "time": "Sat Apr 02 18:05:24 EDT 2016"
}{
  "pre": 136.42529296875,
  "post": 130.06451416015625,
  "time": "Sat Apr 02 18:05:33 EDT 2016"
}{
  "pre": 134.01754760742188,
  "post": 128.30882263183594,
  "time": "Sat Apr 02 18:05:40 EDT 2016"
}{
  "pre": 147.09756469726563,
  "post": 151.9499969482422,
  "time": "Sat Apr 02 18:06:49 EDT 2016"
}{
  "pre": 141.1666717529297,
  "post": 140.58999633789063,
  "time": "Sat Apr 02 18:07:07 EDT 2016"
}{
  "pre": 138.8892059326172,
  "post": 138.2525177001953,
  "time": "Sat Apr 02 18:16:24 EDT 2016"
}{
  "pre": 148.0850372314453,
  "post": 166.11111450195313,
  "time": "Sat Apr 02 18:18:22 EDT 2016"
}{
  "pre": 101.20817565917969,
  "post": 65.29293060302734,
  "time": "Sat Apr 02 18:21:50 EDT 2016"
}{
  "pre": 127.89271545410156,
  "post": 129.2626190185547,
  "time": "Sat Apr 02 18:36:01 EDT 2016"
}{
  "pre": 157.68069458007813,
  "post": 164.37754821777344,
  "time": "Sat Apr 02 18:39:22 EDT 2016"
}{
  "pre": 133.7979736328125,
  "post": 126.30000305175781,
  "time": "Sat Apr 02 18:39:53 EDT 2016"
}{
  "pre": 127.95121765136719,
  "post": 143.39393615722656,
  "time": "Sat Apr 02 18:40:58 EDT 2016"
}{
  "pre": 156.98399353027344,
  "post": 163.0,
  "time": "Sat Apr 02 18:41:29 EDT 2016"
}{
  "pre": 164.0,
  "post": 163.9642791748047,
  "time": "Sat Apr 02 18:41:37 EDT 2016"
}{
  "pre": 161.0,
  "post": 159.17999267578125,
  "time": "Sat Apr 02 18:42:54 EDT 2016"
}{
  "pre": 174.15554809570313,
  "post": 175.31817626953125,
  "time": "Sat Apr 02 18:43:25 EDT 2016"
}{
  "pre": 177.87013244628906,
  "post": 170.23077392578125,
  "time": "Sat Apr 02 18:43:33 EDT 2016"
}{
  "pre": 164.87594604492188,
  "post": 109.8780517578125,
  "time": "Sat Apr 02 18:45:25 EDT 2016"
}{
  "pre": 115.47058868408203,
  "post": 105.0,
  "time": "Sat Apr 02 18:45:26 EDT 2016"
}{
  "pre": 101.55660247802734,
  "post": 83.70999908447266,
  "time": "Sat Apr 02 18:49:15 EDT 2016"
}{
  "pre": 81.19876098632813,
  "post": 86.88888549804688,
  "time": "Sat Apr 02 18:50:25 EDT 2016"
}{
  "pre": 92.31578826904297,
  "post": 101.94999694824219,
  "time": "Sat Apr 02 18:50:59 EDT 2016"
}{
  "pre": 95.16091918945313,
  "post": 62.79798126220703,
  "time": "Sat Apr 02 18:53:27 EDT 2016"
}{
  "pre": 61.119998931884766,
  "post": 63.55555725097656,
  "time": "Sat Apr 02 18:53:40 EDT 2016"
}{
  "pre": 87.71646881103516,
  "post": 98.2959213256836,
  "time": "Sat Apr 02 19:07:20 EDT 2016"
}{
  "pre": 148.03643798828125,
  "post": 168.02020263671875,
  "time": "Sat Apr 02 19:08:51 EDT 2016"
}{
  "pre": 153.01425170898438,
  "post": 96.29166412353516,
  "time": "Sat Apr 02 19:31:34 EDT 2016"
}{
  "pre": 99.25,
  "post": 101.42308044433594,
  "time": "Sat Apr 02 19:31:39 EDT 2016"
}{
  "pre": 99.6868667602539,
  "post": 116.86000061035156,
  "time": "Sat Apr 02 19:32:47 EDT 2016"
}{
  "pre": 111.97321319580078,
  "post": 117.37374114990234,
  "time": "Sat Apr 02 19:33:12 EDT 2016"
}{
  "pre": 79.72138977050781,
  "post": 90.8080825805664,
  "time": "Sat Apr 02 19:34:55 EDT 2016"
}{
  "pre": 125.10733032226563,
  "post": 77.48484802246094,
  "time": "Sat Apr 02 19:43:50 EDT 2016"
}{
  "pre": 80.4246597290039,
  "post": 93.68000030517578,
  "time": "Sat Apr 02 19:44:07 EDT 2016"
}{
  "pre": 139.32933044433594,
  "post": 149.5,
  "time": "Sat Apr 02 19:54:06 EDT 2016"
}{
  "pre": 171.3369598388672,
  "post": 141.6914825439453,
  "time": "Sat Apr 02 19:54:16 EDT 2016"
}{
  "pre": 148.8431396484375,
  "post": 119.4795913696289,
  "time": "Sat Apr 02 19:56:18 EDT 2016"
}{
  "pre": 138.4146270751953,
  "post": 141.11111450195313,
  "time": "Sat Apr 02 19:56:57 EDT 2016"
}{
  "pre": 114.04680633544922,
  "post": 100.11000061035156,
  "time": "Sat Apr 02 19:58:19 EDT 2016"
}{
  "pre": 87.95299530029297,
  "post": 103.0,
  "time": "Sat Apr 02 20:02:05 EDT 2016"
}{
  "pre": 101.10526275634766,
  "post": 98.03571319580078,
  "time": "Sat Apr 02 20:02:11 EDT 2016"
}{
  "pre": 105.375,
  "post": 98.58999633789063,
  "time": "Sat Apr 02 20:02:45 EDT 2016"
}{
  "pre": 103.94034576416016,
  "post": 85.6500015258789,
  "time": "Sat Apr 02 20:33:43 EDT 2016"
}{
  "pre": 71.9691162109375,
  "post": 71.42424011230469,
  "time": "Sat Apr 02 20:56:51 EDT 2016"
}{
  "pre": 72.58879089355469,
  "post": 81.96969604492188,
  "time": "Sat Apr 02 21:20:47 EDT 2016"
}{
  "pre": 66.79126739501953,
  "post": 57.75510025024414,
  "time": "Sat Apr 02 22:58:22 EDT 2016"
}{
  "pre": 61.70431900024414,
  "post": 59.73737335205078,
  "time": "Sat Apr 02 23:04:00 EDT 2016"
}{
  "pre": 59.16641616821289,
  "post": 58.54999923706055,
  "time": "Sat Apr 02 23:20:51 EDT 2016"
}{
  "pre": 72.2149429321289,
  "post": 59.0,
  "time": "Sat Apr 02 23:51:54 EDT 2016"
}{
  "pre": 57.85293960571289,
  "post": 60.97101593017578,
  "time": "Sat Apr 02 23:52:01 EDT 2016"
}{
  "pre": 68.7054443359375,
  "post": 60.673683166503906,
  "time": "Sun Apr 03 00:17:00 EDT 2016"
}