{
  "pre": 69.25757598876953,
  "post": 67.0,
  "time": "Sun Apr 03 10:33:42 EDT 2016"
}{
  "pre": 71.02571868896484,
  "post": 63.0,
  "time": "Sun Apr 03 11:07:38 EDT 2016"
}{
  "pre": 58.08396911621094,
  "post": 53.0,
  "time": "Sun Apr 03 11:15:05 EDT 2016"
}{
  "pre": 53.78205108642578,
  "post": 54.0,
  "time": "Sun Apr 03 11:18:29 EDT 2016"
}{
  "pre": 60.48235321044922,
  "post": 59.0,
  "time": "Sun Apr 03 11:38:18 EDT 2016"
}{
  "pre": 59.0,
  "post": 59.0,
  "time": "Sun Apr 03 11:46:18 EDT 2016"
}{
  "pre": 59.0,
  "post": 59.0,
  "time": "Sun Apr 03 11:48:07 EDT 2016"
}{
  "pre": 59.0,
  "post": 59.0,
  "time": "Sun Apr 03 11:56:45 EDT 2016"
}{
  "pre": 73.18726348876953,
  "post": 82.375,
  "time": "Sun Apr 03 12:31:45 EDT 2016"
}{
  "pre": 70.0,
  "post": 70.0,
  "time": "Sun Apr 03 12:32:49 EDT 2016"
}{
  "pre": 70.0,
  "post": 70.0,
  "time": "Sun Apr 03 12:33:09 EDT 2016"
}{
  "pre": 70.09091186523438,
  "post": 68.0,
  "time": "Sun Apr 03 12:37:10 EDT 2016"
}{
  "pre": 70.62445068359375,
  "post": 67.0,
  "time": "Sun Apr 03 12:49:15 EDT 2016"
}{
  "pre": 67.0,
  "post": 67.0,
  "time": "Sun Apr 03 13:02:09 EDT 2016"
}{
  "pre": 67.0,
  "post": 67.0,
  "time": "Sun Apr 03 13:07:15 EDT 2016"
}{
  "pre": 67.0,
  "post": 67.0,
  "time": "Sun Apr 03 13:07:34 EDT 2016"
}{
  "pre": 67.0,
  "post": 67.0,
  "time": "Sun Apr 03 13:10:03 EDT 2016"
}{
  "pre": 67.0,
  "post": 67.0,
  "time": "Sun Apr 03 13:12:23 EDT 2016"
}